driverId,driverName,races,meanScore,meanOutperformance,maxScore
1,Lewis Hamilton,345,1901.457524833982,0.2979155510659808,2206.609426506298
2,Nick Heidfeld,184,1489.2052008750213,0.07719505086160258,1701.2122713757387
3,Nico Rosberg,206,1742.0181093458025,0.7028038871608616,2072.8506040686157
4,Fernando Alonso,393,1897.2491006997097,0.24184739280280285,2052.847599562003
5,Heikki Kovalainen,112,1387.3345868159363,-0.18349333217067196,1486.5784948509188
6,Kazuki Nakajima,36,1405.3213830717216,-1.3645454117009947,1508.513617383346
7,Sébastien Bourdais,27,1463.2944262389526,-0.8681663130610324,1500.0
8,Kimi Räikkönen,352,1834.9280594031768,0.2044592497023708,2068.763470392519
9,Robert Kubica,99,1610.8636372719156,0.24462648716947766,1812.8311495484213
10,Timo Glock,95,1572.7979931603638,-0.005182333104100304,1675.079682739187
11,Takuma Sato,91,1398.3209985698118,-0.1649743093004392,1500.0
12,Nelson Piquet Jr.,28,1434.4264825454406,-1.6794084422917328,1514.1713855394685
13,Felipe Massa,271,1522.5126027375827,-0.027137348532467787,1757.4643816488087
14,David Coulthard,247,1701.573482193294,0.04273634971001203,1945.699546061319
15,Jarno Trulli,256,1569.4984826063205,0.01524290800722633,1730.2036756589257
16,Adrian Sutil,128,1416.174961167656,-0.4695136513048447,1524.368290027356
17,Mark Webber,217,1655.6101100309447,0.40995229433370783,1840.953920487062
18,Jenson Button,309,1764.1775715401916,0.16723571907044527,2023.6305145745896
19,Anthony Davidson,24,1472.8442133510541,-0.4006291910376851,1496.0595726547042
20,Sebastian Vettel,300,1968.8353783472025,0.17520319816588487,2252.8923108448585
21,Giancarlo Fisichella,231,1433.9258321135094,-0.02133484141306506,1516.131470942904
22,Rubens Barrichello,326,1723.4706436702047,0.1904124397212162,1880.9231118771927
23,Ralf Schumacher,180,1569.5979675543397,0.052461684299474384,1713.614365797534
24,Vitantonio Liuzzi,81,1403.2692540111782,-0.6529571654061664,1512.981881104471
25,Alexander Wurz,69,1368.9460741561882,-0.7393066812078195,1548.5261076557963
26,Scott Speed,28,1473.8184974679978,-0.6696320430266592,1515.1162102671412
27,Christijan Albers,46,1474.0354167177925,-0.5093806987945567,1525.112011118813
28,Markus Winkelhock,1,1500.0,0.0,1500.0
29,Sakon Yamamoto,21,1451.7442713463445,-1.0269838567445124,1500.0
30,Michael Schumacher,308,1817.4402717662738,0.05068928242926037,2090.713658124572
31,Juan Pablo Montoya,95,1637.4792192081698,0.27738833352034176,1774.8075091278597
32,Christian Klien,51,1489.9087312797794,-0.07896372753325213,1548.4990266133043
33,Tiago Monteiro,37,1488.9033815474932,-0.4670454960337578,1526.561799081616
34,Yuji Ide,4,1501.5297983777853,0.20330940036554823,1503.0595967555705
35,Jacques Villeneuve,165,1507.2926546606843,-0.07500958749047493,1620.4020168146956
36,Franck Montagny,7,1484.5410184783125,-1.4203699041078586,1500.0
37,Pedro de la Rosa,107,1471.0687660720255,0.021977428205707833,1520.6067440379943
38,Robert Doornbos,11,1506.6679188960106,0.251339837090137,1520.4195479361986
39,Narain Karthikeyan,48,1473.7349752996204,-0.3748314908738431,1517.125658012128
40,Patrick Friesacher,11,1469.9968409834175,-0.9984357396087934,1504.196288673087
41,Ricardo Zonta,38,1446.1442100281704,-0.6103859865884831,1507.809452552176
42,Antônio Pizzonia,20,1474.1000965259122,-0.8963988281506042,1504.9467097406846
43,Cristiano da Matta,28,1493.4066238170549,-0.43929048730049863,1533.6471709634288
44,Olivier Panis,158,1478.35033702441,-0.2395953010214058,1605.2743897960709
45,Giorgio Pantano,14,1437.6023785663804,-2.0111272029752287,1480.792960893306
46,Gianmaria Bruni,18,1459.1033954220482,-0.9858843593226142,1500.0
47,Zsolt Baumgartner,20,1476.825116609972,-0.7575823367441956,1506.727039252446
48,Marc Gené,36,1498.7072156862637,-0.13120245814468465,1528.5499294049944
49,Heinz-Harald Frentzen,159,1583.0011802096599,-0.0039197135502244095,1734.2243615713355
50,Jos Verstappen,107,1414.238474755373,-0.15495037900087602,1488.8466053974832
51,Justin Wilson,16,1481.6764678253817,-0.40403187397159057,1500.0
52,Ralph Firman,14,1433.7677956300845,-2.070235592977401,1469.5748720418817
53,Nicolas Kiesa,5,1494.6933169225608,-0.673081518426492,1509.005963842017
54,Luciano Burti,15,1505.566871323511,-0.6527615865789183,1519.480242857342
55,Jean Alesi,202,1637.5137132235845,0.17344575657566272,1801.1826651433382
56,Eddie Irvine,147,1583.9453043085728,0.31562449525586067,1722.411833051657
57,Mika Häkkinen,165,1764.3315765401926,0.7571859262007771,2035.2320600185792
58,Tarso Marques,26,1462.2846416972773,-0.320371957593213,1479.5832008796665
59,Enrique Bernoldi,29,1425.6214818569078,-0.7976720277339867,1477.6134427112115
60,Gastón Mazzacane,21,1475.1390343140267,-0.1695128612646233,1500.0
61,Tomáš Enge,3,1476.329414708416,-2.0545026061689997,1488.6160950807596
62,Alex Yoong,16,1486.8405194817267,-0.38107478272796685,1513.4688825742523
63,Mika Salo,111,1619.868011594911,0.2800573260139181,1707.3502719672165
64,Pedro Diniz,99,1459.7863346682698,-0.3726513074746327,1526.5027380361091
65,Johnny Herbert,165,1454.6726342788377,0.030355231777158875,1575.517091632576
66,Allan McNish,17,1453.3619001825534,-0.9336248050417697,1495.343570574959
67,Sébastien Buemi,55,1443.4292711472565,0.0027722069950575153,1513.897821458266
68,Toranosuke Takagi,32,1489.3376335113735,-0.4252114230696523,1531.7041131892045
69,Luca Badoer,58,1547.7563929537428,-0.18284518722156967,1614.9227161210947
70,Alessandro Zanardi,44,1422.7517534864126,-0.7796770968026039,1515.5920000068204
71,Damon Hill,122,1613.1425104262617,0.1958041064754435,1711.683234531208
72,Stéphane Sarrazin,1,1487.2546933853696,-2.070254450387858,1487.2546933853696
73,Ricardo Rosset,30,1464.02771632759,-0.4364438668147821,1511.1944175492013
74,Esteban Tuero,16,1470.3669216446983,-0.92622332235169,1500.0
75,Shinji Nakano,33,1514.084357679639,0.4701658740046711,1574.5976672684956
76,Jan Magnussen,25,1497.7630937019628,0.6093513964944557,1543.5923246807515
77,Gerhard Berger,210,1573.6609307651422,0.1391248883252778,1793.9074012178066
78,Nicola Larini,75,1555.0818263435701,-0.19948649784444392,1673.438596881006
79,Ukyo Katayama,97,1400.8684764298844,-0.39092322424600784,1518.2984837278284
80,Vincenzo Sospiri,1,1494.3702066273831,-1.246994300457902,1494.3702066273831
81,Gianni Morbidelli,70,1498.0624359109079,0.09945991846897517,1547.4098229315143
82,Norberto Fontana,4,1450.273048898152,-3.6926950062986066,1465.5638263617
83,Pedro Lamy,32,1476.3853861806556,-0.07684835475299255,1521.6584868597367
84,Martin Brundle,165,1488.035213529574,0.1849422710020234,1632.057197123965
85,Andrea Montermini,28,1466.1578150505295,-0.9009582767062506,1512.9262187782736
86,Giovanni Lavaggi,10,1473.583241629643,-0.9876712586101399,1500.0
87,Mark Blundell,63,1487.0657084154636,0.2810497600705335,1573.525746358291
88,Aguri Suzuki,88,1512.5192226049187,-0.44305513192297424,1602.186205615594
89,Taki Inoue,18,1437.389446692646,-1.128290025399424,1480.123035039642
90,Roberto Moreno,74,1433.8320161195816,-0.4528698395413567,1512.6321188307809
91,Karl Wendlinger,42,1538.1942872669608,0.5919362938206307,1613.3260386217723
92,Bertrand Gachot,84,1456.9792040388027,-0.10126148894952311,1506.584864140108
93,Domenico Schiattarella,7,1499.7829390146712,-0.065900896221635,1512.5382908718432
94,Pierluigi Martini,123,1509.0328607226206,0.17852202387603391,1620.5772716418203
95,Nigel Mansell,192,1682.9006890913843,0.31262747153964204,1825.9780337582515
96,Jean-Christophe Boullion,11,1490.054780012564,-1.528604490829425,1510.1886789681605
97,Massimiliano Papis,7,1480.023883746726,-0.42374504914031086,1487.3639997486111
98,Jean-Denis Délétraz,3,1502.028604398819,0.5691565232783286,1506.085813196457
99,Gabriele Tarquini,78,1384.725129332562,-0.426391259595911,1521.946803671833
100,Érik Comas,63,1626.1534359053317,1.5120275729929296,1788.6344164383722
101,David Brabham,30,1440.5231489955622,-0.5647486722249142,1484.664047124651
102,Ayrton Senna,162,1692.9928340684262,0.16354924927825154,1792.1083393967745
103,Éric Bernard,47,1605.1190422235566,0.4274903914923709,1684.4691662680302
104,Christian Fittipaldi,43,1561.88302450669,0.9925393103702632,1651.9639993120902
105,Michele Alboreto,215,1589.0884195420463,0.2891777333829365,1789.6072731091742
106,Olivier Beretta,10,1504.5842615712738,1.2076855169623772,1549.393109670148
107,Roland Ratzenberger,3,1485.7148871480733,-1.2620861760442939,1489.8650459736623
108,Paul Belmondo,27,1509.8397471073258,0.7958537785260315,1549.1130467561336
109,Jyrki Järvilehto,70,1539.0320551104778,0.06483888770669916,1621.9810869866508
110,Andrea de Cesaris,214,1465.2292727647439,0.054562190197715583,1577.5856361012732
111,Jean-Marc Gounon,9,1480.0303782980454,-0.42445325492211405,1500.0
112,Philippe Alliot,115,1430.561257412419,0.12365791312448486,1517.4421501284337
113,Philippe Adams,2,1467.6883292525454,-4.839498900788604,1471.6204327551611
114,Yannick Dalmas,50,1439.1144331844323,-0.6774698905395509,1532.1208168662265
115,Hideki Noda,3,1489.0735027619073,-1.855494001261868,1500.0
116,Franck Lagorce,2,1464.2597890474526,-6.39900368066571,1468.319860838963
117,Alain Prost,202,1881.9740439696793,0.603797769220484,2119.1502750944983
118,Derek Warwick,162,1510.5745946796674,0.09496688611368351,1599.115045023322
119,Riccardo Patrese,257,1572.3245646012151,0.0880175375217141,1787.0807008364657
120,Fabrizio Barbazza,20,1429.7872691893003,-1.5100286164500303,1502.5000963961434
121,Michael Andretti,13,1371.636174809515,-3.3853239235625665,1481.110929935027
122,Ivan Capelli,98,1564.330846277302,-0.20516908242112275,1649.5465355361955
123,Thierry Boutsen,164,1574.6599516104739,0.24676320075281236,1760.8188498513357
124,Marco Apicella,1,1478.4023115372245,-6.059567495505123,1478.4023115372245
125,Emanuele Naspetti,6,1512.1222953172394,0.627719275971895,1517.0537251347823
126,Toshio Suzuki,2,1499.9504477354585,-0.23575077255536048,1501.7791456759012
127,Maurício Gugelmin,80,1614.0412845894339,0.971601611506809,1740.127749705162
128,Eric van de Poele,29,1372.8641529290464,-1.2737479478144764,1489.3134800507162
129,Olivier Grouillard,62,1529.2691468043138,-0.25219049807138505,1593.5090849218989
130,Andrea Chiesa,10,1428.193794511832,-3.1274057477821766,1475.4728718039714
131,Stefano Modena,81,1503.4993149940858,0.24194182521473964,1551.8714913419617
132,Giovanna Amati,3,1466.2479710043008,-2.9236951254552075,1475.0726682257286
133,Alex Caffi,75,1499.8811492817656,0.25962865640102517,1537.2928968637889
134,Enrico Bertaggia,6,1513.6506478389877,2.164566061696058,1543.344223369552
135,Perry McCarthy,7,1494.9085172244666,-0.5328495192770278,1506.8866921613455
136,Jan Lammers,41,1435.182433937274,-0.47845171330464276,1500.0
137,Nelson Piquet,207,1681.2666282626435,-0.16212831503593284,1930.5232165407092
138,Satoru Nakajima,80,1276.0160182064233,-1.5032410351581227,1506.3174622329834
139,Emanuele Pirro,40,1413.9976293536215,-0.01925225393536354,1494.9140549192598
140,Stefan Johansson,103,1435.2078486333903,0.060859892686032424,1522.4084961950232
141,Julian Bailey,20,1338.1061959952594,-2.2488836808097856,1472.235028592213
142,Pedro Chaves,13,1493.2197133931054,-0.5301913847871143,1506.2060364264246
143,Michael Bartels,4,1454.3796174738432,-4.245744880507466,1482.684707286451
144,Naoki Hattori,2,1508.1971063626947,0.957167492784623,1508.4745737169474
145,Alessandro Nannini,77,1482.0514566778738,-0.12307669550019067,1522.54493246897
146,Bernd Schneider,32,1470.667105938613,0.0426908202109918,1496.1706051896674
147,Paolo Barilla,15,1488.847560295069,-0.686692731907888,1513.7607710225411
148,Gregor Foitek,22,1457.851679521176,-0.9004281183073188,1494.7916407515452
149,Claudio Langes,14,1449.201529430293,-1.5057435605437743,1485.6082354922132
150,Gary Brabham,2,1478.8364841119098,-2.8986258466158628,1482.2099657691092
151,Martin Donnelly,15,1487.5557676399171,0.11852592411499631,1500.9500602620694
152,Bruno Giacomelli,82,1440.67611586835,-0.3139446528324903,1514.2163468004308
153,Jaime Alguersuari,46,1470.1870453997308,-0.005044988371086617,1507.7138703685798
154,Romain Grosjean,181,1551.4802074925578,-0.12372060615844702,1680.652169481367
155,Kamui Kobayashi,76,1526.5121522749687,0.04197114995179312,1586.90663643837
156,Jonathan Palmer,88,1492.80865475332,0.14264746067329576,1591.1705904977964
157,Christian Danner,47,1507.0963109312193,0.14844374312835257,1572.840537409444
158,Eddie Cheever,143,1584.5347387929498,0.08250156110736007,1728.85783792732
159,Luis Pérez-Sala,32,1515.0588386802756,-0.38281002654943797,1559.1524909882742
160,Piercarlo Ghinzani,111,1564.574877456561,0.30672163910487726,1672.2518919824513
161,Volker Weidler,10,1461.751833523883,-1.6999071765421405,1494.0509137440547
162,Pierre-Henri Raphanel,17,1490.6525182345529,-0.282570746367911,1516.8565896749035
163,René Arnoux,164,1574.9973603849269,-0.014125757738975248,1690.9798141394865
164,Joachim Winkelhock,7,1449.856700672292,-2.782003446404919,1487.8158516036528
165,Oscar Larrauri,21,1450.7880770832799,-0.4875853824461553,1500.0
166,Philippe Streiff,54,1403.6993478186998,-0.31205111755568843,1501.9535147574086
167,Adrián Campos,21,1464.6662314526834,-0.5981833441999698,1487.5832053242998
168,Jean-Louis Schlesser,2,1480.5721024414702,-2.4398495108707516,1484.281259439795
169,Pascal Fabre,12,1441.5331193485374,-1.497938263483577,1489.085928554826
170,Teo Fabi,71,1466.372933658423,0.005557589245863135,1504.2364266688803
171,Franco Forini,2,1500.0,0.0,1500.0
172,Jacques Laffite,180,1837.7206683405889,0.6779143972940425,2050.6863661475386
173,Elio de Angelis,110,1709.361986333947,0.8782613690681504,1927.7936923666853
174,Johnny Dumfries,16,1415.0230911340811,-1.2281309073899738,1479.7451826420618
175,Patrick Tambay,122,1456.6354262841642,-0.2671306546680439,1561.5024677986016
176,Marc Surer,88,1577.8963288792008,0.23471618466500424,1726.056898449538
177,Keke Rosberg,128,1605.248909219701,0.6017668616849762,1847.390540840764
178,Alan Jones,117,1726.418853745426,0.5328541448314794,1990.3744438501349
179,Huub Rothengatter,28,1527.841804187017,0.20620983316406513,1543.8858793395946
180,Allen Berg,9,1489.5112914731087,-0.3527182453010973,1500.0
181,Manfred Winkelhock,55,1409.9902368531032,-0.4051055214173943,1524.135787565188
182,Niki Lauda,174,1677.1388386359306,0.40091777832929254,1873.3536534424477
183,François Hesnault,20,1450.6323042924857,-0.964898743513906,1500.0
184,Mauro Baldi,41,1453.400394280165,-0.41974307465514193,1524.5622014917456
185,Stefan Bellof,22,1348.097519539955,-1.4502988834262065,1469.0791300145272
186,Kenny Acheson,9,1433.672272046984,-2.3475143049921035,1478.3335300004078
187,John Watson,154,1678.2605927906486,0.5709053392153526,1867.783653768744
188,Johnny Cecotto,23,1508.8137742275333,-0.527633055945278,1536.3517089110328
189,Jo Gartner,8,1498.4297686172395,0.08776737680706242,1515.3137104839104
190,Corrado Fabi,18,1504.7366469201731,0.32256537715307737,1522.162874060784
191,Mike Thackwell,5,1450.6069563646747,-3.255183057988217,1489.1443480762894
192,Chico Serra,32,1580.4730691158024,1.1535741084270061,1630.474152183427
193,Danny Sullivan,15,1431.9899101135443,-2.0940659729968116,1498.85708904588
194,Eliseo Salazar,37,1416.9464418756436,-1.1764120150300534,1513.4800700674627
195,Roberto Guerrero,29,1456.0819274159774,-0.49407795006899086,1492.978271342613
196,Raul Boesel,30,1506.3165884606663,-0.017285575544686824,1546.195159305819
197,Jean-Pierre Jarier,143,1476.454048606875,0.004500033318693281,1573.195787360999
198,Jacques Villeneuve Sr.,3,1495.0022804485677,-0.7049906802590605,1506.2526002276995
199,Carlos Reutemann,146,1679.8730667290345,0.2779060121016925,1843.046009397022
200,Jochen Mass,114,1531.769883698586,0.4546238280098913,1608.2343702163994
201,Slim Borgudd,15,1466.5325009881258,-0.6480472141873157,1500.0226793623767
202,Didier Pironi,72,1569.3531240957057,0.4559580503472495,1678.96456296458
203,Gilles Villeneuve,68,1447.9916483388108,0.0460194252721736,1578.9498390370793
204,Riccardo Paletti,8,1505.927435923278,0.5267254017775013,1515.989693959345
205,Brian Henton,37,1421.1746938190677,-0.8326725738752672,1501.1491633704384
206,Derek Daly,64,1374.9953847911856,-0.8148213766806578,1520.6128800698211
207,Mario Andretti,129,1692.2400477360225,0.5439914895297194,1895.2692017514112
208,Emilio de Villota,14,1372.6712688132081,-3.0681229657084836,1465.8335953908509
209,Geoff Lees,12,1474.5587718651743,-1.433440111840272,1502.382425826836
210,Tommy Byrne,5,1461.916118283763,-3.2161777947186656,1493.9570257844914
211,Rupert Keegan,37,1365.7885328504315,-1.4007077217448205,1463.8879922718038
212,Hector Rebaque,58,1328.1193835961708,-1.101954304394234,1491.5075357265462
213,Beppe Gabbiani,17,1432.3891322647596,-1.243741508301061,1471.51454848244
214,Kevin Cogan,2,1470.528193523156,-3.3096459571713552,1472.3109699333563
215,Miguel Ángel Guerra,4,1506.3602737025847,-0.9775515078669279,1520.6305940357183
216,Siegfried Stohr,13,1425.7592597933897,-2.497030376417338,1506.550589464033
217,Ricardo Zunino,11,1467.4587892729396,-1.9527658527999756,1510.2941227146596
218,Ricardo Londoño,1,1500.0,0.0,1500.0
219,Jean-Pierre Jabouille,55,1525.6997489731823,0.4091355229819973,1586.1154107031075
220,Giorgio Francia,2,1485.977757750895,-2.2369451767402384,1490.4220104758574
221,Patrick Depailler,95,1562.4697507857807,0.6464767659069455,1770.6172085393505
222,Jody Scheckter,113,1629.2699815704293,0.09690999827340725,1837.9990690068284
223,Clay Regazzoni,138,1579.8042556642692,0.09523995395499245,1708.315909288725
224,Emerson Fittipaldi,149,1964.2767163356064,1.1891157560840748,2248.7559238629806
225,Dave Kennedy,7,1468.3920278301127,-1.2182520661085672,1491.1341420267963
226,Stephen South,1,1498.3703780361382,-0.40908781581289766,1498.3703780361382
227,Tiff Needell,2,1504.4421042279123,0.9839221952957611,1508.8842084558246
228,Desiré Wilson,1,1469.4882167933065,-5.857222152273547,1469.4882167933065
229,Harald Ertl,29,1380.4998730972518,-1.3293647514573332,1499.912291866926
230,Vittorio Brambilla,78,1524.115632920167,-0.1752598454249158,1586.4803816862704
231,James Hunt,93,1656.8285482599697,-0.09266887244139599,1786.0303217142582
232,Arturo Merzario,84,1466.435829581857,0.0545173541911441,1524.986033011662
233,Hans-Joachim Stuck,81,1471.3762658751873,-0.3992778498073684,1583.535811599051
234,Gianfranco Brancatelli,3,1481.8540914525893,-0.8567338353099089,1493.9306222196751
235,Jacky Ickx,121,1660.524053971679,0.1728301395400715,1759.715492001271
236,Patrick Gaillard,5,1457.8674641953598,-2.511367259886828,1478.7198217067455
237,Alex Ribeiro,20,1481.2419035383632,0.32835254480269355,1524.209679800948
238,Ronnie Peterson,123,1743.4566909209736,0.9394087947251772,1918.5731115082465
239,Brett Lunger,42,1391.6729042452557,-0.9806597490845304,1497.4813966986803
240,Danny Ongais,6,1469.842994599289,-2.150788115803083,1476.4599320235588
241,Lamberto Leoni,5,1491.5667087836287,-0.870616906926894,1496.7678874691994
242,Divina Galica,3,1474.5644651958871,-2.951913146165802,1494.7447241118512
243,Rolf Stommelen,61,1409.0672434648193,-0.5169623005311142,1500.0
244,Alberto Colombo,3,1499.0765954526878,0.19171553752922144,1505.25408313943
245,Tony Trimmer,6,1457.0633819205977,-3.1495072993691586,1491.999056657486
246,Hans Binder,15,1473.3770219006203,0.1646900712470745,1500.0
247,Michael Bleekemolen,5,1501.3339118131405,0.17217648022349952,1503.0960956000365
248,Carlo Franchi,1,1497.8336068716478,-0.6398055736222616,1497.8336068716478
249,Bobby Rahal,2,1483.0645489442306,-1.875593786882813,1483.0645489442306
250,Carlos Pace,73,1533.4848613384684,0.5454975768961449,1682.8801536145816
251,Ian Scheckter,20,1394.2726321572313,-2.106274503828363,1488.0201132602438
252,Tom Pryce,42,1493.2981612806218,0.41057222666737864,1604.135071287206
253,Ingo Hoffmann,6,1487.3051898567555,-0.2456501657520064,1502.4182862689768
254,Renzo Zorzi,7,1526.5951220248826,1.1999872396373503,1537.2943503797103
255,Gunnar Nilsson,32,1568.4264972376457,0.6447627562406544,1641.1917231907564
256,Larry Perkins,15,1469.871216882943,-1.0480655634407061,1498.1538559061
257,Boy Lunger,7,1480.7455132280697,-1.375792091030127,1500.0
258,Patrick Nève,13,1537.6819179480776,2.0842442450634056,1582.941586786861
259,David Purley,11,1467.2429208652497,-1.8782981361056743,1500.0
260,Conny Andersson,5,1504.2152251892164,0.5376871680782475,1510.050449743585
261,Bernard de Dryver,1,1501.1564217939233,0.3586049800950937,1501.1564217939233
262,Jackie Oliver,51,1466.7319171544677,0.06922349118472376,1517.102071776152
263,Mikko Kozarowitzky,2,1478.2591971246397,-3.46387407564283,1482.572607207355
264,Andy Sutcliffe,1,1490.9403102708052,-2.140494228186932,1490.9403102708052
265,Guy Edwards,16,1468.4038400619936,-1.5429712107463271,1507.0948299779952
266,Brian McGuire,1,1483.4866431100672,-3.901540358163353,1483.4866431100672
267,Vern Schuppan,12,1443.3149007152804,-1.3609962266776856,1499.3749388274782
268,Hans Heyer,1,1458.3111451956663,-9.849647808670506,1458.3111451956663
269,Teddy Pilette,4,1500.191240598694,0.557549100402108,1517.663069256868
270,Ian Ashley,11,1460.3605983866075,-1.490039353452876,1520.2466083933743
271,Loris Kessel,6,1415.505391815138,-4.707882980469602,1465.8335953908509
272,Kunimitsu Takahashi,1,1511.7009840370454,2.591757714397673,1511.7009840370454
273,Kazuyoshi Hoshino,2,1501.2791649413919,0.28333391399757035,1502.5583298827837
274,Noritake Takahara,2,1485.96869873686,-2.258907337642704,1493.6116105441542
275,Lella Lombardi,17,1481.271373729999,-1.227881494455252,1517.9340889188663
276,Bob Evans,12,1517.4077462285395,0.4220711246487829,1531.5579030204017
277,Michel Leclère,8,1493.9450759455412,0.07718041227216665,1500.0
278,Chris Amon,106,1463.6745508974386,-0.07790382974091287,1538.974865387431
279,Emilio Zapico,1,1482.9219396275796,-3.530590384982421,1482.9219396275796
280,Henri Pescarolo,59,1392.7292772601008,-0.6801300991835234,1522.625127480464
281,Jac Nelleman,1,1482.6732709155967,-4.861283398185501,1482.6732709155967
282,Damien Magee,2,1480.8868200379202,-5.062595019020177,1499.8740535095822
283,Mike Wilds,8,1460.930495837481,-1.5146053404325603,1478.119317978002
284,Alessandro Pesenti-Rossi,4,1444.7073909545443,-6.389732549504126,1481.300900358733
285,Otto Stuppacher,3,1463.6729593193888,-6.640485996859859,1500.0
286,Warwick Brown,1,1493.5273055577725,-1.6248556355487906,1493.5273055577725
287,Masahiro Hasemi,1,1486.1999286222024,-2.4453629772955185,1486.1999286222024
288,Mark Donohue,15,1537.6288418108568,0.7022062898709314,1563.0407264680712
289,Graham Hill,179,1688.9596477605903,0.13653411323723014,1943.3725026077043
290,Wilson Fittipaldi,38,1511.1696182294957,-0.40064602714349845,1564.555351305356
291,Guy Tunmer,1,1502.513297016011,0.6309188324465458,1502.513297016011
292,Eddie Keizan,3,1482.2428757618889,-2.542339210473552,1500.0
293,Dave Charlton,13,1447.2388662379922,-2.5700821214617204,1476.347417164215
294,Tony Brise,10,1517.9781355582907,-1.1658676381809017,1557.4351979593382
295,Roelof Wunderink,6,1502.534487297425,-0.31332094032506314,1515.2385970677692
296,François Migault,15,1448.911921920275,-1.2400230722534649,1500.0
297,Torsten Palm,2,1498.379444826613,-0.19144082737818557,1498.379444826613
298,Gijs van Lennep,9,1510.1427443069256,0.3886565866056644,1524.7688247206554
299,Hiroshi Fushida,2,1489.731660433567,-3.335828054712996,1500.0
300,John Nicholson,2,1478.0441868624857,-3.603746470767916,1482.604219958563
301,Dave Morgan,1,1491.9709896846948,-2.726908752455566,1491.9709896846948
302,Jim Crawford,2,1482.6580226893695,-2.234585900875509,1487.721789177307
303,Jo Vonlanthen,1,1500.0,0.0,1500.0
304,Denny Hulme,112,1749.6883299200174,0.11417218171640069,1889.6321035507856
305,Mike Hailwood,51,1524.0390634728026,-0.16448137173844804,1587.8806214909912
306,Jean-Pierre Beltoise,87,1508.8891478333524,0.3428893816060892,1611.0072753931554
307,Howden Ganley,39,1497.2785716392605,0.01608001075175977,1528.877523931084
308,Richard Robarts,4,1474.8224246564757,-2.792975285682119,1500.0
309,Peter Revson,31,1513.223609646039,1.049564449120372,1597.8515226781594
310,Paddy Driver,2,1474.7358153140956,-2.6114642292903847,1474.7358153140956
311,Tom Belsø,4,1482.2354104337114,-2.0570984769210012,1500.0
312,Brian Redman,13,1492.7513419025202,0.4203046573521008,1513.109626644028
313,Rikky von Opel,13,1489.1589299278598,-0.27082126360272674,1500.9400349801406
314,Tim Schenken,36,1493.927311578937,-0.7846704546139273,1570.2196962821888
315,Gérard Larrousse,2,1490.1866437082922,-2.6083797867915806,1500.0
316,Leo Kinnunen,6,1467.2294714670763,-2.180573949702181,1481.7653143989578
317,Reine Wisell,23,1567.900856532609,0.5942377469761947,1602.5247595553783
318,Bertil Roos,1,1500.0,0.0,1500.0
319,José Dolhem,3,1478.3684976727484,-1.9165435267040098,1487.8265156940904
320,Peter Gethin,30,1417.3516964100395,-0.9012953379250016,1467.5032388182285
321,Derek Bell,14,1507.5359369897603,-0.12964687821984636,1526.3991327569038
322,David Hobbs,7,1483.9353723221068,-0.08053864492680919,1490.2824702903763
323,Dieter Quester,1,1517.450562672123,5.1537124607484746,1517.450562672123
324,Helmuth Koinigg,3,1499.5062834414973,0.6121287210052898,1504.386523329159
325,Carlo Facetti,1,1477.5203144918444,-3.9833845186721764,1477.5203144918444
326,Eppie Wietzes,2,1475.2685603278796,-2.373796630040645,1475.2685603278796
327,François Cevert,47,1508.8148922196106,0.09104927384129385,1623.540504725324
328,Jackie Stewart,100,1788.682692591056,0.7908625258120664,2005.2016751308445
329,Mike Beuttler,29,1448.6491313357246,-0.551854373209112,1500.0
330,Nanni Galli,17,1404.0879872657313,-1.6516329980570172,1482.9495012164334
331,Luiz Bueno,1,1477.541497671908,-3.6479949678422448,1477.541497671908
332,George Follmer,12,1499.743139694444,-0.9479897440992985,1542.7801855266412
333,Andrea de Adamich,36,1385.522496812203,-0.42012282543005774,1458.1753670337414
334,Jackie Pretorius,4,1476.042963931006,-1.238174584135757,1476.042963931006
335,Roger Williamson,2,1464.3353164678092,-6.01441047299909,1479.321828671113
336,Graham McRae,1,1500.0,0.0,1500.0
337,Helmut Marko,9,1449.6113206060716,-1.0215576638550725,1469.8626703594173
338,David Walker,11,1432.071073412388,-1.7241555785926665,1472.5412780214365
339,Alex Soler-Roig,9,1449.912623735232,-2.2207115219266873,1486.7405398608444
340,John Love,10,1468.528151274985,-1.2021759096156526,1495.2769044518252
341,John Surtees,112,1746.1905227692985,0.5015738660766175,1903.617474647437
342,Skip Barber,6,1491.4012800276168,-0.6521490296961265,1493.1647009469193
343,Bill Brack,3,1490.5547648870931,-1.952637216775526,1500.0
344,Sam Posey,2,1499.0939500316595,-0.22744784421495634,1500.0
345,Pedro Rodríguez,54,1547.9185516776515,0.6892336636752262,1695.7815156864192
346,Jo Siffert,100,1488.4998684300915,0.09210311662004908,1561.4122547071318
347,Jo Bonnier,109,1508.8461788654374,0.08358563265316096,1573.6789660155428
348,François Mazet,1,1475.899607800919,-4.270572608541061,1475.899607800919
349,Max Jean,1,1500.0,0.0,1500.0
350,Vic Elford,13,1445.933664873183,-1.2880083866869718,1516.6082604451394
351,Silvio Moser,18,1473.0701722071874,-0.7381636090173619,1514.816280404799
352,George Eaton,13,1480.25311726855,-0.5925594387635026,1500.0
353,Pete Lovely,11,1467.2581843610496,-1.4629031977868643,1505.2837368942107
354,Chris Craft,2,1487.6302319496908,-1.8265951916635568,1487.6302319496908
355,John Cannon,1,1479.5530881004652,-4.830904613009328,1479.5530881004652
356,Jack Brabham,129,1759.6416240511428,0.4727920527493339,1969.537729772778
357,John Miles,15,1467.6701040343846,-0.07068203379722118,1500.0
358,Jochen Rindt,62,1611.906093221069,0.8849644937473274,1845.161805409316
359,Johnny Servoz-Gavin,12,1455.2325172761066,-0.8643855669667393,1500.0
360,Bruce McLaren,103,1786.0913016928694,0.5997656152567971,1924.1688828222525
361,Piers Courage,29,1485.028266614204,-0.2784098743833993,1532.6245133723871
362,Peter de Klerk,4,1495.310366334446,-0.9143794984868086,1503.4453789218962
363,Ignazio Giunti,4,1476.399588930592,-1.2925287239656436,1490.6135505010875
364,Dan Gurney,87,1712.3981361037706,0.7931471649975992,1881.6376954638472
365,Hubert Hahne,3,1494.3798304482652,-0.5221315770524605,1505.9733742247192
366,Gus Hutchison,1,1500.0,0.0,1500.0
367,Peter Westbury,1,1474.448424678289,-5.28234144772508,1474.448424678289
368,Sam Tingle,6,1491.5239284738384,-0.37286541446180416,1503.132659225852
369,Basil van Rooyen,2,1500.0,0.0,1500.0
370,Richard Attwood,17,1483.9070924954679,-0.12621198758811664,1508.5407275306338
371,Al Pease,2,1496.6760625776556,-0.44174953641140025,1500.0
372,John Cordts,1,1500.0,0.0,1500.0
373,Jim Clark,73,1844.612106441343,1.577008215818504,2169.345035395901
374,Mike Spence,36,1554.1883727994236,0.6388929059358536,1622.5618304532672
375,Ludovico Scarfiotti,13,1500.959939910213,0.1935107844800263,1519.435983951629
376,Lucien Bianchi,19,1452.1475204110245,-0.8897646634697667,1500.9378633251508
377,Jo Schlesser,2,1490.0664054699805,-1.7602259894290222,1500.0
378,Robin Widdows,1,1500.0,0.0,1500.0
379,Kurt Ahrens,2,1500.1690352945475,0.03993724764906048,1500.3380705890947
380,Frank Gardner,9,1483.3131248804111,-0.5308315372718655,1495.1918706346858
381,Bobby Unser,1,1500.0,0.0,1500.0
382,Moisés Solana,8,1469.2862386513884,-0.853305136446722,1500.0
383,Bob Anderson,26,1496.1093101809417,-0.1603709490772955,1534.2695165625887
384,Luki Botha,1,1500.0,0.0,1500.0
385,Lorenzo Bandini,44,1495.2315764284454,-0.20080080279249157,1573.8162789272062
386,Richie Ginther,54,1557.99563232895,0.47760227643636904,1667.290809788553
387,Mike Parkes,7,1439.993898864196,-2.5365716426252,1486.6708926658084
388,Chris Irwin,10,1484.3339355110736,-0.6176258993105413,1501.0009146658183
389,Guy Ligier,13,1453.5383887880134,-1.2492687709251529,1500.0
390,Alan Rees,2,1484.2133609672517,-0.8174168177563044,1486.626301893874
391,Brian Hart,1,1473.9714102886935,-4.227893868421779,1473.9714102886935
392,Mike Fisher,2,1488.721958536894,-1.0824997320620797,1488.721958536894
393,Tom Jones,1,1482.0017323658865,-3.4550537795493863,1482.0017323658865
394,Giancarlo Baghetti,26,1465.9444479131703,-0.6783963434849004,1517.2341151623464
395,Jonathan Williams,1,1472.233697247051,-3.69012704226006,1472.233697247051
396,Bob Bondurant,9,1420.690077047249,-1.718741757345882,1482.6360457988317
397,Peter Arundell,15,1534.853857284397,0.42901051205574026,1557.8563038753414
398,Vic Wilson,2,1500.0,0.0,1500.0
399,John Taylor,5,1460.9057107541198,-2.1727541725455137,1482.1149379148349
400,Chris Lawrence,2,1474.844997721597,-1.8572703231435372,1474.844997721597
401,Trevor Taylor,29,1439.9441395392685,-0.8099430967529372,1496.7439973522391
402,Giacomo Russo,3,1475.0325039744112,-1.820903572538202,1477.7006967814948
403,Phil Hill,52,1564.4491675104966,0.41386368719620076,1615.6511785434343
404,Innes Ireland,55,1596.9268209738316,0.16326230535925423,1698.7474028643924
405,Ronnie Bucknum,11,1479.1486301311807,-0.6966144167739444,1487.1943153364568
406,Paul Hawkins,3,1496.0871883676089,0.33183205054360876,1516.0317750564982
407,David Prophet,2,1499.9539401340953,-0.014283107930648242,1500.0
408,Tony Maggs,27,1567.8024537926997,0.6056712767581273,1603.8025948744355
409,Trevor Blokdyk,2,1483.7575925692965,-2.910187236638377,1495.6693168292932
410,Neville Lederle,3,1495.2528329404875,-2.0409935566924586,1506.5233159752784
411,Doug Serrurier,3,1489.7224075711667,-1.8840940094412142,1500.0
412,Brausch Niemann,2,1467.4844440962108,-4.550290063951719,1478.9899271408856
413,Ernie Pieterse,3,1465.4898145927857,-3.3050883272447016,1476.425379037104
414,Clive Puzey,1,1466.406334259402,-6.944903031939537,1466.406334259402
415,Ray Reed,1,1500.0,0.0,1500.0
416,David Clapham,1,1500.0,0.0,1500.0
417,Alex Blignaut,1,1500.0,0.0,1500.0
418,Masten Gregory,46,1542.8419133815419,-0.09311588426799515,1649.8857665387195
419,John Rhodes,1,1500.0,0.0,1500.0
420,Ian Raby,7,1465.0402638947203,-2.0610248122428367,1505.7862849575422
421,Alan Rollinson,1,1478.9683283161305,-4.037363940730952,1478.9683283161305
422,Brian Gubby,1,1464.800918296107,-6.757023661943747,1464.800918296107
423,Gerhard Mitter,5,1509.6158604157208,0.5492680179943511,1519.6132567612838
424,Roberto Bussinello,4,1480.403828215063,-1.1574759692113945,1500.0
425,Nino Vaccarella,5,1495.0346499064094,-0.3468330926373849,1500.561787058331
426,Giorgio Bassi,1,1500.0,0.0,1500.0
427,Maurice Trintignant,87,1533.1187602536513,0.46753739081264317,1594.482596524031
428,Bernard Collomb,6,1490.2891311269302,-0.4439764955391843,1500.0
429,André Pilette,15,1453.798355901959,-1.1460975334654686,1498.2399551324409
430,Carel Godin de Beaufort,31,1346.0025729224878,-1.5405931531738233,1476.59734322457
431,Edgar Barth,7,1498.3582865599492,-0.01646154539562466,1500.6680662049328
432,Mário de Araújo Cabral,5,1462.9843993519576,-1.9059006443180901,1487.4143896966957
433,Walt Hansgen,4,1459.7782732726507,-1.883606145651055,1463.2249245433109
434,Hap Sharp,6,1464.2594075559336,-1.5902733696480453,1480.155014071034
435,Willy Mairesse,12,1469.5957690165349,-1.6843841022175416,1515.2711336065177
436,John Campbell-Jones,5,1484.440148959738,-1.2533161691806876,1500.0
437,Ian Burgess,26,1440.033923195431,-0.7238424667566687,1500.1006498619652
438,Tony Settember,10,1485.1643616035049,-1.1041772699777312,1495.976969582257
439,Nasif Estéfano,5,1456.456091878889,-1.8568566509176463,1475.5763649870175
440,Jim Hall,12,1512.080920133368,0.9153768598662279,1533.9647278024206
441,Tim Parnell,4,1472.0923806210278,-1.6985730378620087,1473.5989925413055
442,Kurt Kuhnke,2,1500.7779846338524,0.17232291490066354,1501.5559692677048
443,Ernesto Brambilla,1,1478.9240062023457,-3.734651331254099,1478.9240062023457
444,Roberto Lippi,3,1478.5121917482866,-2.7039347185844824,1500.0
445,Günther Seiffert,2,1486.6904762405406,-1.7688287123199191,1486.6904762405406
446,Carlo Abate,2,1500.0,0.0,1500.0
447,Gaetano Starrabba,2,1500.0,0.0,1500.0
448,Peter Broeker,1,1488.0121042272528,-1.2391439258460246,1488.0121042272528
449,Rodger Ward,12,1501.644091430476,1.0583593641872833,1539.9251414382436
450,Ernie de Vos,1,1500.0,0.0,1500.0
451,Frank Dochnal,1,1500.0,0.0,1500.0
452,Thomas Monarch,1,1500.0,0.0,1500.0
453,Jackie Lewis,11,1493.18256240517,-0.22977854260555733,1518.3725316226034
454,Ricardo Rodríguez,6,1461.4029156400863,-1.2180765173194301,1500.0
455,Wolfgang Seidel,13,1434.6221206746488,-1.7633538633549932,1477.8856466098523
456,Roy Salvadori,51,1503.0216314179697,0.3809591647417658,1547.3021919486978
457,Ben Pon,1,1526.8952379306097,5.162968756387672,1526.8952379306097
458,Rob Slotemaker,1,1500.0,0.0,1500.0
459,Tony Marsh,9,1463.189652112912,-0.9855306673085616,1471.2987361430469
460,Gerry Ashmore,5,1467.337652120696,-2.910041486532412,1500.0
461,Heinz Schiller,2,1500.0,0.0,1500.0
462,Colin Davis,3,1496.584743975287,-0.35302223496579427,1500.0
463,Jay Chamberlain,3,1458.4160428891191,-4.550202345227327,1477.5395061314791
464,Tony Shelly,3,1482.3397111215618,-2.6110173006886015,1500.0
465,Keith Greene,7,1465.1997746169704,-1.6813048041193368,1472.7506077190153
466,Heini Walter,1,1486.7730703434067,-4.101654665405276,1486.7730703434067
467,Ernesto Prinoth,2,1487.5098316878425,-2.21324907202139,1500.0
468,Roger Penske,2,1491.5381404307302,-0.739753284801318,1491.6345404386109
469,Rob Schroeder,1,1494.680947094502,-1.0210768179672467,1494.680947094502
470,Timmy Mayer,1,1500.0,0.0,1500.0
471,Bruce Johnstone,1,1467.2675848274262,-4.35012077270422,1467.2675848274262
472,Mike Harris,1,1500.0,0.0,1500.0
473,Gary Hocking,1,1500.0,0.0,1500.0
474,Syd van der Vyver,1,1500.0,0.0,1500.0
475,Stirling Moss,73,1704.8438040463204,1.0034638799555533,1948.8778394049548
476,Wolfgang von Trips,28,1512.1807585391912,0.4192594108837713,1592.502121495097
477,Cliff Allison,18,1499.5219991095025,-0.25488360961657175,1540.2779256407648
478,Hans Herrmann,20,1508.53863493753,-0.26762711729765926,1542.5061924670863
479,Tony Brooks,41,1587.7252708613107,0.6986295340771741,1651.4364429905336
480,Michael May,4,1493.0371371082915,-0.4798167208167774,1500.0
481,Henry Taylor,10,1455.3903107633819,-1.7065965629365973,1497.49472341907
482,Olivier Gendebien,17,1469.0099449980078,-0.9758940601432327,1500.4134082537453
483,Giorgio Scarlatti,15,1469.9465404482441,-0.6203564635963974,1485.7741941038128
484,Brian Naylor,9,1465.3735679809242,-0.8964577074123281,1480.9730730160315
485,Juan Manuel Bordeu,1,1500.0,0.0,1500.0
486,Jack Fairman,13,1532.4174080580242,0.18962792235285875,1553.223210722489
487,Massimo Natili,2,1500.0,0.0,1500.0
488,Peter Monteverdi,1,1500.0,0.0,1500.0
489,Renato Pirocchi,2,1500.2575845183321,0.060858394850273445,1500.5151690366642
490,Geoff Duke,1,1500.0,0.0,1500.0
491,Alfonso Thiele,2,1500.0,0.0,1500.0
492,Menato Boffa,1,1500.0,0.0,1500.0
493,Peter Ryan,1,1495.0628656411398,-0.8748567485320651,1495.0628656411398
494,Lloyd Ruby,2,1506.2112843646282,0.779616625961812,1506.2112843646282
495,Ken Miles,1,1500.0,0.0,1500.0
496,Carlos Menditeguy,12,1482.382603209154,-1.3588401716125666,1508.1203661584684
497,Alberto Rodriguez Larreta,1,1504.5583730788608,0.9423639343364032,1504.5583730788608
498,José Froilán González,29,1697.2080465517497,2.094525388256382,1812.684972990464
499,Roberto Bonomi,1,1489.472158846089,-2.1764470872023294,1489.472158846089
500,Gino Munaron,4,1472.0580652864048,-1.9993452765391726,1480.4135334235098
501,Harry Schell,64,1490.5559084363813,0.24801528059944877,1588.0719358101996
502,Alan Stacey,7,1512.6269274205274,0.37168987180227236,1517.6922030216106
503,Ettore Chimeri,1,1500.0,0.0,1500.0
504,Antonio Creus,1,1500.0,0.0,1500.0
505,Chris Bristow,4,1499.507077643756,-0.4598953598653903,1505.2430109802365
506,Bruce Halford,9,1459.5996606579058,-1.6832695693740503,1500.0
507,Chuck Daigh,6,1482.5301724101316,-0.017483088999718694,1490.601391873634
508,Lance Reventlow,4,1480.9159285174312,-0.6340657674235327,1480.9159285174312
509,Jim Rathmann,12,1504.664694630056,-2.4137035041072816,1583.390823286686
510,Paul Goldsmith,3,1500.2324085177781,1.3987312683067004,1517.9610657970045
511,Don Branson,2,1509.7629260076524,2.450810166395004,1519.5258520153045
512,Johnny Thomson,9,1506.5082550222382,1.2065529577562242,1541.127786322653
513,Eddie Johnson,9,1497.6214597657568,1.1521126654353742,1531.9983231630358
514,Bob Veith,5,1518.2937603187254,1.4267468261502676,1524.2717841711085
515,Bud Tingelstad,1,1507.7324994517185,1.9411074357279423,1507.7324994517185
516,Bob Christie,5,1487.5434588198373,-1.2752969629705622,1499.7964061836244
517,Red Amick,2,1469.449781245948,-5.686235614850819,1475.5854896948592
518,Duane Carter,10,1527.6957788654504,4.491839064398455,1553.1478291933724
519,Bill Homeier,3,1477.0926760921402,-4.973832655446834,1486.538645772325
520,Gene Hartley,9,1486.0462170203957,-2.075716605331378,1500.4595405189662
521,Chuck Stevenson,7,1476.0831595788325,-1.6345799505491445,1500.0
522,Bobby Grim,2,1488.6983631883027,-2.837076340976315,1500.0
523,Shorty Templeman,3,1500.0,0.0,1500.0
524,Jim Hurtubise,1,1500.0,0.0,1500.0
525,Jimmy Bryan,9,1541.5744250139157,3.5558111064185667,1575.3576074106993
526,Troy Ruttman,9,1521.3428938700688,1.209369322564265,1555.8678210858627
527,Eddie Sachs,4,1493.3541896006554,-1.1285649060997476,1500.0
528,Don Freeland,8,1515.0865555985285,2.176795654524927,1533.720346560362
529,Tony Bettenhausen,13,1499.6613090246176,1.3201575355344515,1524.015607201322
530,Wayne Weiler,1,1462.9445474148915,-9.302116992873936,1462.9445474148915
531,Anthony Foyt,3,1488.7576975282984,-1.0546777749712917,1491.402735122721
532,Eddie Russo,4,1480.451118683125,-3.8640099751550245,1500.0
533,Johnny Boyd,6,1500.031065498615,1.8586797084389113,1528.8334696372604
534,Gene Force,2,1500.0,0.0,1500.0
535,Jim McWithey,2,1490.3073066754882,-1.6459743619394303,1490.3073066754882
536,Len Sutton,3,1463.983883815912,-4.8267436780067845,1475.0524212191697
537,Dick Rathmann,5,1483.9971038169938,-0.8606740172000645,1488.873842212583
538,Al Herman,5,1462.980445075066,-3.8882282859468,1507.2245001402955
539,Dempsey Wilson,2,1500.0,0.0,1500.0
540,Mike Taylor,2,1488.0466064475424,-1.7651108006374925,1500.0
541,Ron Flockhart,15,1459.1251725813315,-1.6951489167201033,1505.2380937430662
542,David Piper,3,1497.677359650701,-0.548760322973056,1500.0
543,Giulio Cabianca,4,1476.8641724171957,-0.7380576282973262,1484.2778955846372
544,Piero Drogo,1,1480.897373772157,-2.8208099839877363,1480.897373772157
545,Fred Gamble,1,1481.6162143878555,-2.7146616061953943,1481.6162143878555
546,Arthur Owen,1,1460.581266338889,-5.820809983987736,1460.581266338889
547,Horace Gould,18,1400.1408618315158,-1.770407859014207,1483.6923858774671
548,Bob Drake,1,1496.7940691564072,-0.8047923233340093,1496.7940691564072
549,Ivor Bueb,6,1473.2237312717816,-1.0168228241842696,1500.0
550,Alain de Changy,1,1500.9378633251508,0.15233966364687213,1500.9378633251508
551,Maria de Filippis,5,1465.16451742161,-0.8926943412044727,1479.0113518635376
552,Jean Lucienbonnet,1,1500.9378633251508,0.15233966364687213,1500.9378633251508
553,André Testut,2,1482.4201407349317,-0.5310602586210871,1485.8289296063258
554,Jean Behra,57,1509.8899266077578,0.18778759788969157,1621.1310240006749
555,Paul Russo,9,1553.3025873148724,4.1440074993406455,1582.4253165323914
556,Jimmy Daywalt,7,1475.0362847266963,-5.780735069629669,1513.9492709486124
557,Chuck Arnold,1,1493.251670071614,-2.2919487238788605,1493.251670071614
558,Al Keller,5,1463.9451428219302,-2.4047665493099517,1471.7519316060186
559,Pat Flaherty,6,1466.1658952179132,-3.021739108345622,1506.781342428948
560,Bill Cheesbourg,3,1505.9417335164107,1.0528710152443732,1508.912600274616
561,Ray Crawford,3,1469.984814192071,-7.093072560242756,1500.0
562,Jack Turner,4,1502.8121318913127,0.3183633169525355,1503.749509188417
563,Chuck Weyant,4,1467.2490618288339,-5.700034784693777,1491.100605351988
564,Jud Larson,2,1506.401191070875,-0.41862562447585816,1515.9615338030935
565,Mike Magill,3,1446.8197490821606,-9.384749367739065,1477.250238623285
566,Carroll Shelby,9,1494.5289370645003,0.30737095150791927,1500.2635660194292
567,Fritz d'Orey,3,1469.508644971075,-3.401227368141185,1488.2240186996587
568,Azdrubal Fontes,1,1500.0,0.0,1500.0
569,Peter Ashdown,1,1494.1087055135254,-1.7398887574775284,1494.1087055135254
570,Bill Moss,1,1472.7506077190153,-6.035716520362357,1472.7506077190153
571,Dennis Taylor,1,1482.282207194291,-3.924475586062873,1482.282207194291
572,Harry Blanchard,1,1481.044914898563,-1.6794138982901665,1481.044914898563
573,Alessandro de Tomaso,2,1470.3783140888947,-2.624470992542552,1470.3783140888947
574,George Constantine,1,1500.0,0.0,1500.0
575,Bob Said,1,1477.39856473775,-2.002479244888811,1477.39856473775
576,Phil Cade,1,1500.0,0.0,1500.0
577,Luigi Musso,26,1549.3420887185516,-0.06930940062937432,1599.2086282388084
578,Mike Hawthorn,48,1615.6539736306738,0.8588152444545524,1714.9991039767306
579,Juan Fangio,58,1794.4478458127028,1.625842752291334,2070.4801491077255
580,Paco Godia,14,1461.0950303002392,-0.9330888477672818,1494.8097132155206
581,Peter Collins,37,1476.922629573137,0.19465819268767598,1560.0073681900876
582,Ken Kavanagh,1,1479.0113518635376,-2.1695180157590483,1479.0113518635376
583,Gerino Gerini,7,1465.933717818485,-0.8638860049865408,1508.2860736808134
584,Bruce Kessler,1,1483.779152891381,-1.6766882652096906,1483.779152891381
585,Paul Emery,2,1491.8895764456906,-0.8383441326048453,1500.0
586,Luigi Piotti,9,1457.3036731443035,-1.203096046387499,1500.0
587,Bernie Ecclestone,1,1483.779152891381,-1.6766882652096906,1483.779152891381
588,Luigi Taramazzo,1,1479.0113518635376,-2.1695180157590483,1479.0113518635376
589,Louis Chiron,17,1527.1458397194658,0.37739952515721503,1543.2676743824854
590,Stuart Lewis-Evans,14,1533.770610109036,0.3093883404762214,1570.5380376009757
591,George Amick,1,1529.4168916990625,10.425305188454605,1529.4168916990625
592,Jimmy Reece,6,1518.3466362425024,2.2762416525983995,1544.8636723996356
593,Johnnie Parsons,10,1542.4589744375146,2.4868049744751053,1563.9886083990748
594,Johnnie Tolan,3,1499.192010093074,-0.2863504905639053,1500.0
595,Billy Garrett,2,1493.9183901159586,-1.122559384964159,1493.9183901159586
596,Ed Elisian,5,1485.4387595341182,-1.7515053606743372,1486.0929397034245
597,Pat O'Connor,5,1471.0447896321843,-3.636599862900107,1477.289380082388
598,Jerry Unser,1,1477.8741028071236,-7.841386954266881,1477.8741028071236
599,Art Bisch,1,1469.359214399684,-10.859051471691716,1469.359214399684
600,Christian Goethals,1,1500.0,0.0,1500.0
601,Dick Gibson,2,1500.0,0.0,1500.0
602,Robert La Caze,1,1489.5130842772303,-3.0971235283774767,1489.5130842772303
603,André Guelfi,1,1486.1270663716855,-4.097123528377477,1486.1270663716855
604,François Picard,1,1465.8109589384178,-10.097123528377477,1465.8109589384178
605,Tom Bridger,1,1469.1969768439624,-9.097123528377477,1469.1969768439624
606,Alfonso de Portago,6,1487.6133210239468,-0.6358630898523647,1500.0
607,Cesare Perdisa,9,1493.1305028043141,-0.3331577580006924,1500.6139111498246
608,Eugenio Castellotti,17,1517.6316755572195,-0.2782835765212391,1552.3704795956533
609,André Simon,12,1500.4790557552203,-0.23279790748413745,1511.243997099687
610,Les Leston,3,1503.0623508148644,0.24871294174455194,1504.5935262222968
611,Sam Hanks,9,1541.7079861603443,1.7473413292532218,1604.6151092049504
612,Andy Linden,11,1499.238357840167,0.17046555955224657,1526.5548965420146
613,Marshall Teague,4,1498.5471651689286,-0.5200194535867677,1508.5942807308095
614,Don Edmunds,1,1471.361511831033,-9.726546732189858,1471.361511831033
615,Fred Agabashian,8,1517.5023524357375,1.762799026595456,1543.8816558333094
616,Elmer George,1,1480.1946020194107,-6.726546732189858,1480.1946020194107
617,Mike MacDowel,1,1491.154982587361,-1.044887258056745,1491.154982587361
618,Herbert MacKay-Fraser,1,1500.0,0.0,1500.0
619,Bob Gerard,7,1495.2568855287159,-0.5943786453140509,1518.1823767157728
620,Umberto Maglioli,10,1484.3616149952436,0.17278212876068183,1495.9887460086115
621,Paul England,1,1500.0,0.0,1500.0
622,Chico Landi,6,1505.9600167512233,1.574050468797666,1519.1072016660785
623,Alberto Uria,2,1492.878778597923,-0.9464065815148757,1500.0
624,Hernando da Silva Ramos,8,1517.1906599920214,0.5574024450773454,1523.9514462516638
625,Élie Bayol,7,1511.9412933071237,0.7062715004702191,1528.5752742424952
626,Robert Manzon,29,1472.077230191759,-0.5530309394665762,1535.1904559217242
627,Louis Rosier,39,1416.2432488782895,-0.9792880923178588,1545.0974210108218
628,Bob Sweikert,5,1515.916359172414,3.2766421877132097,1550.7993344972374
629,Cliff Griffith,3,1506.9892986810175,1.957792724799777,1516.888859662882
630,Duke Dinsmore,4,1497.2402872214705,-1.018789938326432,1500.0
631,Keith Andrews,2,1500.0,0.0,1500.0
632,Paul Frère,11,1513.7051232974534,0.4681291610900977,1528.6923172997026
633,Luigi Villoresi,35,1557.4371699335593,0.06709225978394141,1605.019416347344
634,Piero Scotti,1,1500.0,0.0,1500.0
635,Colin Chapman,1,1473.7465495958772,-5.039767431452756,1473.7465495958772
636,Desmond Titterington,1,1500.0,0.0,1500.0
637,Archie Scott Brown,1,1500.0,0.0,1500.0
638,Ottorino Volonterio,3,1471.0888488072108,-2.660012656878806,1500.0
639,André Milhoux,1,1500.0,0.0,1500.0
640,Toulo de Graffenried,23,1501.0944348033786,0.15628785202655215,1533.9964826779617
641,Piero Taruffi,18,1548.3572241080412,0.8721066572420297,1580.154177054471
642,Nino Farina,37,1661.1441057688282,1.8696259098884631,1777.403351344646
643,Roberto Mieres,17,1548.3822675130261,1.024575719098217,1594.8774154688513
644,Sergio Mantovani,9,1497.075285291288,-0.11808595515969185,1512.762228283742
645,Clemar Bucci,5,1474.629893239008,-1.348669541735346,1474.629893239008
646,Jesús Iglesias,1,1500.0,0.0,1500.0
647,Alberto Ascari,36,1720.838003936485,1.1816685443646764,1857.976522058153
648,Karl Kling,12,1511.8692012517006,-1.3654256569429262,1548.5921926033272
649,Pablo Birger,2,1494.7431114345632,-1.7077811114085977,1500.0
650,Jacques Pollet,5,1507.3794249142657,0.5619777019672787,1515.548045645082
651,Lance Macklin,15,1454.6943651410702,-1.1582216673681958,1500.0
652,Ted Whiteaway,1,1492.8611506150585,-1.47583229293505,1492.8611506150585
653,Jimmy Davies,6,1484.0302450703882,-2.7576977984043887,1498.2428898298224
654,Walt Faulkner,5,1506.4249228514677,1.0444625392556677,1514.907785402255
655,Cal Niday,3,1502.0275592774803,0.3166550314505076,1515.8510645247316
656,Art Cross,4,1544.821666957277,4.925574501225118,1556.2117330630456
657,Bill Vukovich,5,1528.26119045472,4.501262071039766,1565.9382821216332
658,Jack McGrath,6,1527.8786684418167,3.683843972003121,1557.3792997998592
659,Jerry Hoyt,5,1488.7742782322925,2.5950733139811906,1496.6342071470506
660,Johnny Claes,25,1377.9252570225333,-1.4357865961706535,1475.9444523606658
661,Peter Walker,4,1503.0105088327234,0.1778200184820935,1504.0140117769645
662,Mike Sparken,1,1501.0732408021995,0.15848126503437854,1501.0732408021995
663,Ken Wharton,16,1486.773025910649,-0.3507191636257341,1512.371886878413
664,Kenneth McAlpine,7,1479.528796134184,-1.1160722716534552,1485.600454269853
665,Leslie Marr,2,1497.9221105867252,-0.27615041091263137,1497.9221105867252
666,Tony Rolt,3,1500.0,0.0,1500.0
667,John Fitch,2,1486.7131323721323,-1.5696157549681273,1500.0
668,Jean Lucas,1,1500.0,0.0,1500.0
669,Prince Bira,19,1523.366317348461,-0.26770289029581723,1541.9246142839236
670,Onofre Marimón,12,1516.6367041917122,-0.05512643850513369,1533.9066037406187
671,Roger Loyer,1,1500.0,0.0,1500.0
672,Jorge Daponte,2,1490.3143104436008,-1.859322185316926,1500.0
673,Mike Nazaruk,3,1535.7723848339044,5.777515602021727,1551.4655084558565
674,Larry Crockett,1,1515.660356147211,8.787513093470903,1515.660356147211
675,Manny Ayulo,4,1498.6855860894968,-1.0664619891841256,1519.758224901993
676,Frank Armi,1,1480.410890362689,-10.702794208406779,1480.410890362689
677,Travis Webb,4,1479.4512271202643,-1.8964729969094658,1479.4512271202643
678,Len Duncan,1,1500.0,0.0,1500.0
679,Ernie McCoy,2,1502.278299773281,-1.7780745722106728,1507.9610476216408
680,Jacques Swaters,7,1464.8019140144108,-1.4214122230780413,1490.14895776718
681,Georges Berger,2,1500.0,0.0,1500.0
682,Don Beauman,1,1505.4465948212687,1.4476991781747373,1505.4465948212687
683,Leslie Thorne,1,1494.1598684694534,-1.5523008218252627,1494.1598684694534
684,Bill Whitehouse,1,1500.0,0.0,1500.0
685,John Riseley-Prichard,1,1475.348657883094,-6.552300821825263,1475.348657883094
686,Reg Parnell,7,1540.317894815345,1.7337595192753206,1558.6657901766214
687,Peter Whitehead,12,1452.361209562663,-1.5754587779856644,1520.6907484038195
688,Eric Brandon,5,1464.49085150305,-1.9899007367617885,1480.2773466715482
689,Alan Brown,9,1471.0709056157482,-1.5270457514866622,1516.6781787506911
690,Rodney Nuckey,2,1494.7408305842189,-0.621280756627911,1494.7408305842189
691,Hermann Lang,2,1510.5469607946457,0.8003476070506435,1511.2394076688065
692,Theo Helfrich,3,1496.5438240917167,-0.40828796594648775,1500.0
693,Fred Wacker,3,1494.788133392948,0.35029034580349566,1504.69241207935
694,Giovanni de Riu,1,1470.2101042547563,-5.718644370633852,1470.2101042547563
695,Oscar Gálvez,1,1522.52106517438,3.325597472107501,1522.52106517438
696,John Barber,1,1482.8205111414502,-2.5368278222064546,1482.8205111414502
697,Felice Bonetto,17,1555.3697336883095,1.6978164293785232,1622.3245479355558
698,Adolfo Cruz,1,1500.0,0.0,1500.0
699,Duke Nalon,3,1497.1252727483272,-1.0187993088750549,1500.0
700,Carl Scarborough,2,1493.2921543633306,-2.278198963312583,1500.0
701,Bill Holland,2,1531.1606713488695,5.751717839752758,1531.1606713488695
702,Bob Scott,5,1483.8972457937439,-4.756646489197413,1500.0
703,Arthur Legat,2,1493.8849974017348,-0.7675317073802201,1493.8849974017348
704,Yves Cabantous,13,1447.5098217650773,-1.6098326116168702,1515.3909904797483
705,Tony Crook,2,1466.1805089280344,-5.243691353110555,1466.1805089280344
706,Jimmy Stewart,1,1481.226356346211,-3.0494534576074095,1481.226356346211
707,Ian Stewart,1,1500.0,0.0,1500.0
708,Duncan Hamilton,5,1474.9842572159152,-0.9542250290778936,1477.1664848376909
709,Ernst Klodwig,2,1470.497516517347,-4.555791121689398,1481.8311189463093
710,Rudolf Krause,2,1490.4748138081782,-2.2504750908078357,1500.0
711,Oswald Karch,1,1500.0,0.0,1500.0
712,Willi Heeks,2,1500.0,0.0,1500.0
713,Theo Fitzau,1,1500.0,0.0,1500.0
714,Kurt Adolff,1,1500.0,0.0,1500.0
715,Günther Bechem,2,1500.0,0.0,1500.0
716,Erwin Bauer,1,1500.0,0.0,1500.0
717,Hans von Stuck,4,1468.1903040622128,-2.770467707773422,1500.0
718,Ernst Loof,1,1500.0,0.0,1500.0
719,Albert Scherrer,1,1493.0363895182106,-1.1311179892795185,1493.0363895182106
720,Max de Terra,2,1490.8281383555773,-1.4898101679178866,1500.0
721,Peter Hirt,5,1460.8518291718926,-1.6282985580500473,1500.0
722,Piero Carini,3,1500.0,0.0,1500.0
723,Rudi Fischer,7,1488.074970596412,-0.5939055138244779,1511.3222241804317
724,Toni Ulmen,2,1504.1318490981407,0.8541875587728822,1508.2636981962812
725,George Abecassis,2,1500.0,0.0,1500.0
726,George Connor,3,1514.593048741137,2.1728409598372864,1519.3812040677724
727,Jim Rigsby,1,1500.19081681918,0.0535366271761788,1500.19081681918
728,Joe James,2,1494.9110594415706,-1.4277814427949123,1500.0
729,Bill Schindler,3,1495.9695370814904,-1.13080907407907,1500.0
730,George Fonder,3,1469.1903980925463,-8.597562138277178,1481.8133059665977
731,Henry Banks,3,1486.2552391644374,-2.6805171559956626,1500.0
732,Johnny McDowell,3,1473.589418184779,-5.0646988234246075,1485.1108278334625
733,Chet Miller,2,1500.0,0.0,1500.0
734,Bobby Ball,2,1501.3194314073187,0.09741763364262024,1501.3194314073187
735,Charles de Tornaco,3,1491.1596368086666,-2.560096986594626,1504.367703949372
736,Roger Laurent,2,1496.1898498394164,-0.33106104477457254,1498.001977813282
737,Robert O'Brien,1,1489.0617777896637,-2.7458475230036665,1489.0617777896637
738,Tony Gaze,4,1475.0573449383055,-2.7352311514645646,1482.4270704342168
739,Robin Montgomerie-Charrington,1,1500.0,0.0,1500.0
740,Franco Comotti,2,1480.7103610820545,-3.418110498416195,1500.0
741,Philippe Étancelin,12,1488.1259904285598,-0.021885710153072464,1494.4662950464576
742,Dennis Poore,2,1526.3453233476512,4.523232993595698,1528.392844933511
743,Eric Thompson,1,1521.0730228041298,6.534718528246309,1521.0730228041298
744,Ken Downing,2,1508.1739069734836,1.2673592641231544,1508.1739069734836
745,Graham Whitehead,1,1505.3775730444863,1.6675788062031245,1505.3775730444863
746,Gino Bianco,4,1491.4088923501463,-0.6660229865865952,1491.4088923501463
747,David Murray,4,1500.0,0.0,1500.0
748,Eitel Cantoni,3,1506.5081045973166,2.4025657789122703,1519.52431379195
749,Bill Aston,3,1491.189014866507,-1.951625488837123,1500.0
750,Adolf Brudes,1,1500.0,0.0,1500.0
751,Fritz Riess,1,1513.1008666327737,2.7083751175457644,1513.1008666327737
752,Helmut Niedermayr,1,1499.1542929317727,-0.17483514980521964,1499.1542929317727
753,Hans Klenk,1,1493.7521928868043,-1.2916248824542356,1493.7521928868043
754,Marcel Balsa,1,1500.0,0.0,1500.0
755,Rudolf Schoeller,1,1500.0,0.0,1500.0
756,Paul Pietsch,3,1475.0488853107952,-2.210660018809747,1500.0
757,Josef Peters,1,1500.0,0.0,1500.0
758,Dries van der Lof,1,1500.0,0.0,1500.0
759,Jan Flinterman,2,1483.039195830978,-2.003628408609242,1483.039195830978
760,Piero Dusio,1,1468.0750777842825,-7.071342305243042,1468.0750777842825
761,Alberto Crespo,1,1479.875027047005,-4.457663880049205,1479.875027047005
762,Franco Rol,5,1465.9558102765013,-1.873621157195413,1476.0758563397042
763,Consalvo Sanesi,5,1497.6526322340965,-0.6837918843303162,1510.967069904193
764,Guy Mairesse,3,1487.6376016740796,-1.5887847351469688,1500.0
765,Henri Louveau,2,1485.466153259902,-3.4338499430374725,1500.0
766,Lee Wallard,2,1534.6162504723625,5.761989672313733,1551.615901218034
767,Carl Forberg,1,1487.2936081563926,-1.8763031085571908,1487.2936081563926
768,Mauri Rose,2,1513.9352639723747,3.108109409878851,1528.4518570244336
769,Bill Mackey,1,1500.0,0.0,1500.0
770,Cecil Green,2,1525.743042699998,4.751717839752758,1525.743042699998
771,Walt Brown,2,1482.4020135090266,-3.248282160247242,1482.4020135090266
772,Mack Hellings,2,1498.6548994556408,-0.2482821602472418,1498.6548994556408
773,Pierre Levegh,6,1480.8489458527274,-0.653981650028948,1491.1078068675183
774,Eugène Chaboud,3,1500.184800955675,0.0055869687804371475,1500.3155516932688
775,Aldo Gordini,1,1500.0,0.0,1500.0
776,Joe Kelly,2,1500.0,0.0,1500.0
777,Philip Fotheringham-Parker,1,1500.0,0.0,1500.0
778,Brian Shawe Taylor,2,1474.533944308822,-1.7125672223074435,1476.156031862001
779,John James,1,1500.0,0.0,1500.0
780,Toni Branca,3,1458.7792094655958,-2.5890939488682965,1479.681623990574
781,Ken Richardson,1,1500.0,0.0,1500.0
782,Juan Jover,1,1500.0,0.0,1500.0
783,Georges Grignard,1,1500.0,0.0,1500.0
784,David Hampshire,2,1484.6090095202517,-1.25,1484.6090095202517
785,Geoff Crossley,2,1489.7028883660662,-1.3684807241221189,1500.0
786,Luigi Fagioli,8,1548.6270548349653,0.5249413352208429,1569.7589056246395
787,Cuth Harrison,3,1483.246032794754,-1.8831968308850318,1496.9218019040504
788,Joe Fry,1,1472.911856755643,-4.0,1472.911856755643
789,Eugène Martin,2,1483.5066660587884,-2.9226072161408694,1500.0
790,Leslie Johnson,1,1500.0,0.0,1500.0
791,Clemente Biondetti,1,1500.0,0.0,1500.0
792,Alfredo Pián,1,1472.0923058625929,-7.0057337788887235,1472.0923058625929
793,Raymond Sommer,5,1521.997619514078,1.104422782664453,1521.997619514078
794,Joie Chitwood,1,1522.5831470972337,8.003435679505516,1522.5831470972337
795,Myron Fohr,1,1504.0725281045122,1.5034356795055164,1504.0725281045122
796,Walt Ader,1,1474.2755705357197,-9.496564320494484,1474.2755705357197
797,Jackie Holmes,2,1471.5667562112835,-5.248282160247242,1471.5667562112835
798,Bayliss Levrett,1,1500.0,0.0,1500.0
799,Jimmy Jackson,2,1496.3985949862263,-1.8613187968627347,1500.0
800,Nello Pagani,1,1502.255076694205,0.3995980098945715,1502.255076694205
801,Charles Pozzi,1,1480.686888015075,-1.9963241138373315,1480.686888015075
802,Dorino Serafini,1,1524.8056760973782,2.197774210534332,1524.8056760973782
803,Bill Cantrell,1,1500.0,0.0,1500.0
804,Johnny Mantz,1,1477.727824062463,-7.5643434390072315,1477.727824062463
805,Danny Kladis,1,1500.0,0.0,1500.0
806,Óscar González,1,1485.757557195846,-1.8928131630297513,1485.757557195846
807,Nico Hülkenberg,219,1508.2186386508665,0.22921679355544355,1655.3440503454726
808,Vitaly Petrov,58,1431.3059617047143,-0.3734811473012402,1500.0
810,Lucas di Grassi,19,1481.3046790457279,-0.6781836045198544,1501.4065560592885
811,Bruno Senna,46,1466.5179595563045,0.16364816643356936,1537.608065932554
812,Karun Chandhok,11,1465.246012686402,-1.3125998784910005,1481.7730089679867
813,Pastor Maldonado,96,1478.1555051056878,-0.26712021706338823,1575.814918495667
814,Paul di Resta,59,1490.0939140429405,-0.5047801854171594,1534.6847160603138
815,Sergio Pérez,272,1530.6940628900463,-0.06407544544846344,1747.5672258986524
816,Jérôme d'Ambrosio,20,1501.411479005797,-0.3545600805082355,1514.2526393918483
817,Daniel Ricciardo,252,1720.2069919780092,0.12245815258593458,1964.745990105706
818,Jean-Éric Vergne,58,1519.9733037366386,0.47610621484124416,1606.8892790223674
819,Charles Pic,39,1461.1273246470946,-0.3892425890890908,1498.5924637664125
820,Max Chilton,35,1441.7742149246355,-0.8386028383246391,1496.9178688746456
821,Esteban Gutiérrez,59,1333.2043045637288,-0.8095134169152791,1490.6117341764586
822,Valtteri Bottas,236,1649.1350801252593,-0.03803409930444728,1788.0625452050974
823,Giedo van der Garde,19,1439.967727267146,-1.283645733317335,1488.0584413375443
824,Jules Bianchi,34,1489.5961981758528,-0.1995635705448515,1514.5253429709207
825,Kevin Magnussen,177,1475.2546314447316,-0.09292029370493293,1608.7394967394732
826,Daniil Kvyat,112,1526.634742955947,0.06234478500907898,1601.884413413778
827,André Lotterer,1,1500.0,0.0,1500.0
828,Marcus Ericsson,97,1362.4810147738626,-0.46149147888939496,1500.0
829,Will Stevens,19,1442.373437748188,-1.2339260884086918,1493.168066181533
830,Max Verstappen,198,1885.886347973357,0.8658633264009782,2209.3197743755613
831,Felipe Nasr,40,1478.512882545845,-0.6168839812895172,1542.7838802935446
832,Carlos Sainz,197,1685.4696093401537,0.31092725872916027,1833.3448019097405
833,Roberto Merhi,13,1456.0943106038887,-1.0655171153585374,1491.542826153764
834,Alexander Rossi,5,1484.8083526949363,-1.3593111506399935,1495.9307086923516
835,Jolyon Palmer,37,1425.0004008559752,-0.6264565449494469,1500.53277662121
836,Pascal Wehrlein,39,1447.347286265134,-0.9605683713064795,1510.072210638625
837,Rio Haryanto,12,1451.0821552747857,-2.233268666666221,1500.0
838,Stoffel Vandoorne,42,1552.0392776390963,0.5217848146335693,1599.886820916782
839,Esteban Ocon,146,1558.2868915270099,0.36879370333193445,1793.838851657002
840,Lance Stroll,157,1445.5021590128672,-0.010320974958015936,1534.1715873617838
841,Antonio Giovinazzi,62,1518.8538977255023,0.45580446184898116,1600.831618795767
842,Pierre Gasly,143,1629.8297241609432,0.3775419907917616,1793.1123085052047
843,Brendon Hartley,25,1432.7912980334152,-0.7609170972864723,1493.612585984547
844,Charles Leclerc,138,1632.6398737552677,0.5221685797069207,1841.1560205038109
845,Sergey Sirotkin,21,1396.4473445227154,-1.9390991568253848,1500.0
846,Lando Norris,117,1735.236055310643,0.9604406536305691,1989.124944019074
847,George Russell,117,1534.277871856995,0.4288088316324319,1669.9008873360965
848,Alexander Albon,94,1534.138944854942,0.3285440293562279,1633.251368480879
849,Nicholas Latifi,61,1435.600192362448,-0.7307741982852449,1517.466394015091
850,Pietro Fittipaldi,2,1483.900333051492,-3.217691086983559,1492.0121319586235
851,Jack Aitken,1,1499.1529758726276,-0.22513812268590172,1499.1529758726276
852,Yuki Tsunoda,79,1446.4185325622218,0.16723836639352055,1557.9297984597658
853,Nikita Mazepin,22,1413.5571919874137,-1.5653462957291175,1482.5285373894403
854,Mick Schumacher,44,1456.8938225486388,-0.1974396457143869,1487.0497778727445
855,Guanyu Zhou,57,1498.2547502617106,-0.4551440693581474,1536.537415866948
856,Nyck de Vries,11,1466.0759376472968,-2.1383881774068665,1513.426645485277
857,Oscar Piastri,35,1573.3068408766417,1.4718921616193696,1695.382953484601
858,Logan Sargeant,34,1417.6015887094188,-1.2067002890855418,1502.009527347658
859,Liam Lawson,5,1518.7739234605456,0.8851589716184007,1535.5397794627982
860,Oliver Bearman,1,1505.46530296814,1.4526717839475616,1505.46530296814
